City,County,Land.Area,Population.Density,Households.with.Under.18,Total.Families,Census Population,2014 Estimate,Sum_Sale Volume of Rivals,Expected_Revenue
Laramie,Albany,2513.745235,5.19,2075,4668.93,30816,32081,76000,305013.881670892
Jackson,Teton,1757.6592,2.36,1078,2313.08,9577,10449,182000,225870.823600166
Lander,Fremont,3346.80934,1.63,1870,3876.81,7487,7642,152197,225751.400202753
Green River,Sweetwater,3477.361206,1.46,2113,3977.4,12515,12630,,224372.001382216
Worland,Washakie,1294.105755,2.18,595,1364.32,5487,5366,169000,201700.325919325
Rawlins,Carbon,5322.661628,1.32,1307,2722.43,9259,9227,,73349.5674074742
